t,C,B,D,L,P,R,drift,shock,C_std_w
--- new run 20251104_145948 ---,,,,,,,,,
0,0.5917057100234219,0.6000369046007245,0.6089623661252541,0.5917758643391334,0.5732822448372817,0.5863598764448483,-0.0002,0.0,
1,0.586583197492802,0.5702875079508306,0.6107666742031773,0.6319823217057694,0.5585160492807418,0.5677456294502501,-0.0002,0.0,
2,0.5875116497839191,0.5849827694563865,0.6214732844479791,0.6351447491757064,0.5306020079394957,0.5668680747763519,-0.0002,0.0,
3,0.563325437102378,0.6058418652901352,0.5811468480294266,0.6214162763444998,0.47356532574547044,0.5281819425828026,-0.0002,0.0,
4,0.5453976243098907,0.5505898141563832,0.5740941140971861,0.5833928819011888,0.48170325651012147,0.5328844751815294,-0.0002,0.0,
5,0.5251675136457523,0.5449818858174845,0.49859132277257073,0.5672320950257896,0.4802482281480893,0.5362837447616285,-0.0002,0.0,
6,0.5086499885894994,0.4990778128523227,0.4842587244915528,0.5378765226840905,0.45598311096532135,0.5681107034632109,-0.0002,0.0,
7,0.5040604889865482,0.47485177259236583,0.4832830733431872,0.5644082187055857,0.4384750979830223,0.5647596449756861,-0.0002,0.0,
8,0.5071588800614882,0.4781656968898502,0.48519652657083906,0.5276565439130548,0.44075930489433257,0.6055243476279322,-0.0002,0.0,
9,0.5118009478832708,0.4317513565459957,0.510978007211487,0.5312371646839523,0.42151519307111596,0.6655368440182049,-0.0002,0.0,
10,0.511300650385678,0.4546191479085371,0.4749993401483303,0.5334726515470962,0.4388158805812215,0.6598733802576824,-0.0002,0.0,
11,0.5226720844153389,0.47510645592439327,0.4730038205438478,0.553490078372126,0.48197155833090605,0.6396035127275128,-0.0002,0.0,
12,0.5117692450727346,0.4812006142360815,0.45910459324769537,0.557308130708901,0.44635572249540184,0.6222244648324327,-0.0002,0.0,
13,0.510676059050211,0.4753147350519466,0.4860675094107076,0.5916647909325249,0.4066498887208742,0.5983851938528212,-0.0002,0.0,
14,0.5063126217563687,0.49472183772914924,0.42629491588547275,0.5777696949839539,0.40373128095077154,0.6360956431714258,-0.0002,0.0,
15,0.514499021964019,0.5154039547462719,0.4164785132788068,0.5667124181609552,0.3962254189352338,0.6818015251851105,-0.0002,0.0,
16,0.5097408085803821,0.5025632064690858,0.4073681016278649,0.5772900901795132,0.39260230558264014,0.6758829983461389,-0.0002,0.0,
17,0.5101320452701598,0.46914119217455413,0.40702245758670846,0.5639826534902805,0.42758613886834684,0.6954756534271738,-0.0002,0.0,
18,0.518190972033125,0.46841688378425617,0.42707388828472875,0.5537865669388861,0.45914992962115525,0.695313666607025,-0.0002,0.0,
19,0.4940737474075977,0.4859183544096686,0.3883470909250241,0.564186968405239,0.408503806100159,0.634253798258827,-0.0002,0.0,
20,0.49414190076178816,0.4767840480783255,0.36134926269706624,0.5691085522766056,0.4758465048947405,0.6093021028164646,-0.0002,0.0,
21,0.49185406365550766,0.4580657404850083,0.3675113810790072,0.5838989510189763,0.47055432291756777,0.6031241929088681,-0.0002,0.0,
22,0.49412357691236153,0.4791396291386246,0.3831086101900242,0.5528886760567656,0.4681788833590925,0.6041827983687124,-0.0002,0.0,
23,0.49065236412945756,0.4475050904771513,0.3909037832102551,0.5271499817414693,0.4973408845966038,0.6099651757468645,-0.0002,0.0,
24,0.46916164507423014,0.45018428505022284,0.37317293262456686,0.5235916870251385,0.4374084958093922,0.5760229516311728,-0.0002,0.0,
25,0.45725573007931836,0.46106947902588546,0.3093159213699025,0.5489899426695733,0.3850256015481749,0.5987251067111008,-0.0002,0.0,
26,0.45672383922422655,0.43570456803950575,0.33268565390017635,0.5529184788971173,0.3389205533394302,0.6361995691978545,-0.0002,0.0,
27,0.4576049964371124,0.4789557827051841,0.33071150672017013,0.5447009907319477,0.33412454436031114,0.6069449995144921,-0.0002,0.0,
28,0.4529927761351901,0.5119133854978916,0.31442474876826454,0.5431652783511973,0.3103256522642198,0.5881628065228862,-0.0002,0.0,
29,0.4572857452010857,0.4735816309483564,0.3521368281796963,0.5385426511550169,0.33930330082608406,0.588562544430284,-0.0002,0.0,
30,0.44542566815417545,0.4527495251172696,0.34233627037962877,0.5217357196399299,0.3395420738016315,0.5773045392399754,-0.0002,0.0,
31,0.4350449826521677,0.4437518736390157,0.30097902985555136,0.4975303418112963,0.3891638002656444,0.5571675427524239,-0.0002,0.0,
32,0.4289254901263398,0.4121290600103109,0.3110988198328023,0.5397485077979922,0.34554307119120814,0.5509118873048857,-0.0002,0.0,
33,0.4176721705854018,0.3931674833922637,0.25826823560298023,0.561796309075744,0.3448397536345628,0.5530551426336638,-0.0002,0.0,
34,0.40575735319511735,0.37059813921889606,0.27191176049288773,0.5456173885911243,0.34055265737966,0.5198073188682184,-0.0002,0.0,
35,0.40520011286995605,0.3341150564126502,0.3119777161518884,0.5304042474549701,0.34930306807033407,0.5187936058251972,-0.0002,0.0,
36,0.40000384761910873,0.32088070032978466,0.2967388870417718,0.5493067251983377,0.34024703993431676,0.5142502963800584,-0.0002,0.0,
37,0.4099048726379158,0.32154734704561905,0.33203413664933185,0.5697220544373318,0.35172504796615656,0.4973431545794611,-0.0002,0.0,
38,0.4146121663993841,0.2800882854454251,0.3605200346013909,0.5987154684639581,0.34750379599245634,0.5135996698275667,-0.0002,0.0,
39,0.43636521837338205,0.30353157706198725,0.38545556818134036,0.6263569726613522,0.33383526647262235,0.5590488593075081,-0.0002,0.0,
40,0.45228405120067244,0.266133785313416,0.41130726049114985,0.6411749350322749,0.3600438398783574,0.6154191085204103,-0.0002,0.0,
41,0.44381741548132697,0.3106671495147755,0.3769519532754701,0.5905147876242391,0.38455051164997134,0.5849687360441326,-0.0002,0.0,
42,0.4307710713066638,0.3102949878553501,0.4021437775856259,0.5412008670886715,0.32125109802068696,0.5927477066542494,-0.0002,0.0,
43,0.41626880002245376,0.311626564543749,0.39476968544416824,0.5423569100017781,0.2954356297996686,0.5473428744360862,-0.0002,0.0,
44,0.402701681485859,0.30662691901733935,0.36561842471268646,0.4930524703294449,0.3106060619414669,0.545500915583421,-0.0002,0.0,
45,0.3853996588680601,0.3188227751163238,0.33593957646990835,0.47331070657434515,0.2806347711248619,0.5189016595716796,-0.0002,0.0,
46,0.39686121860841006,0.32468501264880584,0.31245033797986,0.4839926952389534,0.2908274488874084,0.5796564891780827,-0.0002,0.0,
47,0.38486914423846613,0.28290134127280153,0.3390874093149114,0.48130805638230084,0.2904065569834785,0.5361605745208843,-0.0002,0.0,
48,0.3849788629578033,0.2690955268910619,0.36138332721823,0.4788337052217817,0.29283818809581647,0.527439074102868,-0.0002,0.0,
49,0.36625885765665506,0.30373261930065054,0.36073915020692515,0.4128212350473198,0.27207601158158173,0.46837517589046074,-0.0002,0.0,0.05726568602318847
50,0.3437839810519615,0.2061894668357544,0.3448356897137558,0.45282803055040155,0.27348960876549955,0.43319880466831134,-0.0002,0.0,0.057291205387576226
51,0.3456304438655495,0.17796847078968173,0.37875408662125604,0.45755682925235547,0.2749295860123613,0.43159495100316964,-0.0002,0.0,0.05703642044009118
52,0.3487686610196196,0.17912047863634212,0.40291625602957,0.4741338481730377,0.2814007270130961,0.40030890027546934,-0.0002,0.0,0.056193708662485936
53,0.34611494869060927,0.19445374158363393,0.38238884368979514,0.506949218450052,0.24326920236137228,0.39618027098720165,-0.0002,0.0,0.056120163914610235
54,0.351214230204243,0.1942329929948958,0.34264947717047106,0.5586083677657464,0.2870814053791588,0.38227275813892914,-0.0002,0.0,0.05621672731546594
55,0.3461834103503448,0.2173846279618315,0.35400975926057743,0.4802015838653887,0.29459334586748653,0.3804324357439317,-0.0002,0.0,0.056879951341279794
56,0.34451297641148027,0.2198811485660674,0.32170351166576205,0.47212117247877655,0.2892455829660176,0.4160752622603013,-0.0002,0.0,0.0578104899190596
57,0.34912832543534744,0.22991396037779785,0.32153686075968213,0.5179902724161047,0.2725881450731082,0.40439235311403976,-0.0002,0.0,0.058502415445546935
58,0.3606114836514893,0.17541131003762606,0.3686100361481905,0.5469202434619376,0.3000935864084594,0.4244593065074479,-0.0002,0.0,0.05862605184017485
59,0.3606250920779993,0.1787157676675356,0.37507470432366036,0.5393600457539184,0.293985573636771,0.42608841485885873,-0.0002,0.0,0.05847407997290383
60,0.3665418608153614,0.22407065301444892,0.39174534137790273,0.5376062419811526,0.27660381212346913,0.40703846023650897,-0.0002,0.0,0.058040420962189254
61,0.3719118233905034,0.27215180334962363,0.4069459605047159,0.5396327587304722,0.26621835685888745,0.37376685788549313,-0.0002,0.0,0.056976964453355254
62,0.37252122145805405,0.27014595662552676,0.4331557015388219,0.5278566413253475,0.25940107936887064,0.3671358273423238,-0.0002,0.0,0.05609070924412701
63,0.36287741935817136,0.27343378766547183,0.38536537517645364,0.5207946907663947,0.23376921382424848,0.39367337831920196,-0.0002,0.0,0.05527094334032203
64,0.36440658066183823,0.25031582736852603,0.4026767775954745,0.5665278143481975,0.22436132598579972,0.37562609075549797,-0.0002,0.0,0.05439351621497961
65,0.37415956609473955,0.25605879514230884,0.40261590676720366,0.5367193239280063,0.23818890845720112,0.4360915723597602,-0.0002,0.0,0.05287671706014374
66,0.3607288801300052,0.2483154352843371,0.3965296208852638,0.5053713632209337,0.24776156200779753,0.39868228561853136,-0.0002,0.0,0.051583911347814294
67,0.37115915112594366,0.2151075045537926,0.43491963904057745,0.4782077714390944,0.2802022890877377,0.4444130257320156,-0.0002,0.0,0.04987908916406352
68,0.38175757772710767,0.2228872982780949,0.4515213811261022,0.5367752997496977,0.2743004370257662,0.42662285182376714,-0.0002,0.0,0.047442836620839174
69,0.3806822524873102,0.18229036633460666,0.4527725935364926,0.581149626077247,0.3030882984677921,0.39836011458122844,-0.0002,0.0,0.04583122575403609
70,0.37389892349031995,0.15662910481962877,0.43764745665626364,0.5899176685521073,0.2969289556546816,0.40479373294452087,-0.0002,0.0,0.044114725251387696
71,0.37425622421089505,0.1655312861609922,0.42868424905591024,0.588712450304019,0.3031267269711626,0.40227464183852557,-0.0002,0.0,0.04228865249597699
72,0.3827756508717075,0.1806369121108137,0.4848105222557504,0.6064716188471438,0.3048010433634192,0.3516910831376681,-0.0002,0.0,0.04005015172269672
73,0.37426414232981203,0.19227562469126974,0.42641016990273417,0.5642005962624602,0.33044022093748215,0.372878134941768,-0.0002,0.0,0.03780210864701617
74,0.36112613135840155,0.1877774547408032,0.3751098367181677,0.5530601407557347,0.3100780713910014,0.39198335732567435,-0.0002,0.0,0.03651024158984392
75,0.3661876908749148,0.2555093707136291,0.3816177513568074,0.5296808069147713,0.2749615254819048,0.3903005289026262,-0.0002,0.0,0.03545974075429658
76,0.35908505390363576,0.2502055749082215,0.34707217657098327,0.5331714639855368,0.24043411984257892,0.4236637470545052,-0.0002,0.0,0.03440967873692373
77,0.37170040250080016,0.28208509308186613,0.3796147145298759,0.5189499498672809,0.2558697367421216,0.4197016618979245,-0.0002,0.0,0.033005741100038885
78,0.35793028551477,0.2704207312397917,0.3694403448156139,0.4799584916762564,0.21255382586526797,0.4435311056242059,-0.0002,0.0,0.03183210600446522
79,0.3501636026319978,0.2646836691222061,0.37593309034944256,0.51000980332988,0.16055985101478576,0.4200072034097291,-0.0002,0.0,0.030434969634913173
80,0.35796758239086335,0.2699437144261582,0.38769593394940977,0.4986975698178471,0.1914352279957212,0.4263190515746182,-0.0002,0.0,0.029249869577602828
81,0.3409682932017214,0.23354225026132241,0.3597730206696904,0.5228617016326857,0.205350171689403,0.36934721440442014,-0.0002,0.0,0.02872397118604176
82,0.3557253992989962,0.27397361937719467,0.37771383160250704,0.5631619912635807,0.19383914525715049,0.36047602776445037,-0.0002,0.0,0.027990042409840658
83,0.36778032750135087,0.2401799068346551,0.4538217187064637,0.5578983645013662,0.24146514101960886,0.341057254222832,-0.0002,0.0,0.02741804953488679
84,0.3546581652549372,0.24509514260464813,0.4036811441093613,0.5464123500383631,0.2709777882716097,0.3035049397555971,-0.0002,0.0,0.02726339462141724
85,0.35301350399047604,0.2772619689526865,0.41379827858481516,0.5150938222888354,0.2559298701288395,0.2897329694544347,-0.0002,0.0,0.027107213241760138
86,0.33840904871671285,0.27577638881441147,0.3977139596065224,0.49027518526469926,0.24679223905339498,0.25892627729616324,-0.0002,0.0,0.02732779061972586
87,0.3274805416490772,0.23709059163511917,0.39626866513130166,0.5167614120313363,0.20091108789987402,0.25903152184008205,-0.0002,0.0,0.027563724484158558
88,0.32753463904714547,0.2175919057910803,0.366954302017261,0.5423645416127749,0.18536599722715405,0.3039805723320284,-0.0002,0.0,0.027549137157491566
89,0.3236958801868319,0.19419672486668849,0.37854936182603593,0.5355460514160588,0.16274534295336315,0.321610823609361,-0.0002,0.0,0.02659957162040147
90,0.3203998398116112,0.18954724767444428,0.3966456792474453,0.534127306199549,0.13017085529432001,0.3185487463136938,-0.0002,0.0,0.024499219390740682
91,0.3128085076017123,0.1911059027599285,0.4253995678638812,0.5069392359794936,0.12899095969630084,0.26689238440679264,-0.0002,0.0,0.02285769707070159
92,0.3074341430061703,0.21065069457022798,0.39295507862466184,0.45274845034698546,0.12721445466805872,0.30006293316667804,-0.0002,0.0,0.021973881447457374
93,0.28648922284315875,0.16491728612387171,0.36031401106300903,0.43045020361538705,0.09332955527779863,0.31144576981671557,-0.0002,0.0,0.02283933194784995
94,0.27964836262526327,0.14069626277253713,0.33866856896920294,0.4479493655758564,0.07066411634873809,0.3244291727501372,-0.0002,0.0,0.024432770296523368
95,0.2667820290402375,0.11155470761607583,0.3023044135427443,0.3928858869001287,0.12650019995608996,0.3148214017862073,-0.0002,0.0,0.027035166188910716
96,0.2778724443103809,0.1188727086545287,0.3013729282733203,0.3976847396103466,0.12799079433732113,0.37206791296228825,-0.0002,0.0,0.028265801503970064
97,0.257999319323584,0.08770491092581428,0.254649065090375,0.367325949555816,0.08794952404456474,0.3944767745367465,-0.0002,0.0,0.030680477527774638
98,0.2564641513239015,0.11231625721194699,0.2258095987358652,0.32561287626192625,0.0773056244503319,0.4362104908730383,-0.0002,0.0,0.032799629301729215
99,0.24018904363925364,0.027729174677997515,0.24160840180634144,0.2933402194384687,0.10851663884657013,0.40387277264673577,-0.0002,0.0,0.035842956970643006
100,0.23677624184371254,0.0191666998615223,0.19642002878715453,0.2640224839235258,0.15009181373795366,0.42849013322343754,-0.0002,0.0,0.038837961288687356
101,0.22197144674570846,0.007116655297002032,0.17031485768102686,0.20720826982817137,0.13828211238092414,0.4275630356458486,-0.0002,0.0,0.04228382165005335
102,0.2166119115244467,0.00459502456196751,0.16750109984174175,0.1735539810113636,0.1362938958199556,0.4264028342597954,-0.0002,0.0,0.04559448726374946
103,0.22737398903647596,0.043311885696062834,0.22350310347231261,0.16944431020382986,0.113304717284679,0.42445337036693653,-0.0002,0.0,0.04804633223946671
104,0.21957844991621214,0.025083247438429726,0.20123008899992514,0.16768480564616559,0.08200558435010954,0.44263657290158703,-0.0002,0.0,0.05056447968971905
105,0.21303876659101129,0.021965780962907407,0.20873033820572373,0.16219660456704543,0.060187950932537176,0.4141977861091215,-0.0002,0.0,0.053150539578907204
106,0.20501678501444898,0.014847500833171177,0.19226752808288938,0.1692136445633327,0.060054999836607996,0.3733285836714396,-0.0002,0.0,0.05583956960572915
107,0.18870169563648345,0.01686113981602173,0.15198171556866666,0.1507193157977543,0.05122439156007257,0.3110703853341003,-0.0002,0.0,0.05893874417118019
108,0.18639239423666493,0.01960636325182117,0.15651121606009671,0.14597858999501412,0.03849487338592475,0.2998622755308561,-0.0002,0.0,0.06167383394350322
109,0.17698532385602614,0.0,0.14842020496823236,0.12940023588956825,0.04124543516654671,0.2637381928445104,-0.0002,0.0,0.06449625759283512
110,0.17855245660931335,0.0070676972703343196,0.15271677177256246,0.12515335092420654,0.028069290473958043,0.28030838961861376,-0.0002,0.0,0.06683621720211408
111,0.18247678794655953,0.0,0.16653037191691605,0.1324444749099177,0.03657057924999651,0.29180776739159403,-0.0002,0.0,0.06864139629334053
112,0.18565940198604677,0.0,0.158746570167873,0.15155622484640818,0.049489756572489815,0.2980091503548735,-0.0002,0.0,0.07006939086052047
113,0.1959930790603258,0.0,0.17488318361436925,0.18664035460620138,0.07977990136377555,0.3050254918179467,-0.0002,0.0,0.07113491253564161
114,0.19224406461530294,0.0,0.20315952804120985,0.18222271550460836,0.0038043119217665844,0.31634171391116284,-0.0002,0.0,0.07210662352594087
115,0.18772339859556184,0.0,0.16426631063535796,0.16317394873339278,0.0419820472582531,0.30521635328581104,-0.0002,0.0,0.07282100209338284
116,0.20019016517842947,0.008129747632101468,0.21670534954792486,0.21099484161306653,0.038881444783432154,0.2979707226239957,-0.0002,0.0,0.07329714981371714
117,0.19937316168420358,0.0,0.19587160732247713,0.22375559204144962,0.05075336763772156,0.3012778695592145,-0.0002,0.0,0.07341604894385977
118,0.2049374615930981,0.02984404972691776,0.17270056693148172,0.22207329643594567,0.07269065729256592,0.318802246746052,-0.0002,0.0,0.07296840205131004
119,0.20753106484445255,0.061972422998890345,0.18461117913443353,0.21279121976804072,0.08355642510043791,0.2887243908545287,-0.0002,0.0,0.07231956751987956
120,0.19731757092131738,0.012788643052596561,0.20203133256134884,0.21113700978341046,0.09280871389294817,0.23779385993928617,-0.0002,0.0,0.07190291624909648
121,0.1818127634308825,0.00183522231083366,0.184035619149403,0.18521064634131038,0.025158263699074368,0.22774765547517464,-0.0002,0.0,0.0716592304997107
122,0.18763168823854423,0.02875435095581938,0.19546555080531514,0.1671822480513362,0.02471198454956536,0.2504516578823149,-0.0002,0.0,0.07079262576961606
123,0.19360576089920534,0.0,0.19172945440111602,0.18347825246677932,0.04517584330659061,0.3014735640926158,-0.0002,0.0,0.06984951268723777
124,0.2013436107621578,0.034051370372894414,0.20110633944350342,0.19253753265024212,0.0687842037464286,0.28529375425034553,-0.0002,0.0,0.0689713479111059
125,0.2112625826553213,0.03284572872459886,0.22829350953585953,0.2512608890970948,0.06400618457447635,0.2838417335704496,-0.0002,0.0,0.0676134624029455
126,0.21947733077898957,0.038800134538229225,0.26858962035610123,0.2503514899894203,0.1080869556686107,0.2548420170475871,-0.0002,0.0,0.06621554893938483
127,0.218313315809027,0.03321904566611937,0.26264466565553546,0.2739466617123069,0.13944476697795904,0.20955868630404012,-0.0002,0.0,0.06422431251352906
128,0.2119847819323732,0.005765516891782632,0.2727502400188293,0.2541858523357325,0.09377193370852976,0.2407130854647445,-0.0002,0.0,0.06260718131676189
129,0.21742701029715694,0.02058461941639208,0.2875455649246517,0.23992248084234963,0.12464008727354939,0.23351428557193088,-0.0002,0.0,0.06102718453315629
130,0.2130315032556282,0.05347767775108064,0.26019561039637307,0.2142984174118356,0.13077998359148027,0.21244432119801912,-0.0002,0.0,0.05902976938466317
131,0.21268029589261936,0.07374120971214555,0.2679982427202447,0.18660928087594267,0.13296595161983327,0.2019059905523981,-0.0002,0.0,0.0574749873755501
132,0.22602187366560783,0.10121619458745697,0.24902165322489855,0.17343408801175628,0.1693030587811233,0.26906379222967347,-0.0002,0.0,0.055065418718305205
133,0.2420354620249707,0.16118645451429506,0.2509183435747168,0.179999729223803,0.21530681864960313,0.26533074804233453,-0.0002,0.0,0.05180890052859276
134,0.2293561734436205,0.13189598040017406,0.25442461149780576,0.19354523263976695,0.1904323301150557,0.21594381379736,-0.0002,0.0,0.04889263121664447
135,0.22327766485600636,0.08879409496355102,0.27438749002297563,0.17079393715041163,0.1861919173439223,0.22232057432749516,-0.0002,0.0,0.04575334074350286
136,0.22161091928089152,0.10736832133639232,0.2643404060615714,0.1857554081648297,0.159490108580297,0.21146915355715482,-0.0002,0.0,0.043045425064477956
137,0.21780657586791238,0.0766358537027562,0.2982934225524289,0.18494291132281995,0.13731088395138802,0.2008979996152004,-0.0002,0.0,0.04061962244343446
138,0.20885600569995008,0.06998399928105796,0.31930901629217917,0.13707382597726286,0.10619470870262544,0.1895547820684755,-0.0002,0.0,0.03795815258267532
139,0.23553759775084446,0.14595317426409216,0.347979383068139,0.13373027560333456,0.12755469617495063,0.2512778671573856,-0.0002,0.0,0.0351700280327637
140,0.2422908091733103,0.13894085646083046,0.3369869827452122,0.17008858189999143,0.1423799611189389,0.2714178618170623,-0.0002,0.0,0.03233373355575972
141,0.2617002291117563,0.12369418448241304,0.3947130767154945,0.22137630594780122,0.1593583947851214,0.2919465569614794,-0.0002,0.0,0.03008607321885804
142,0.2587868880631711,0.06287635831512198,0.41384437052041073,0.21555304833104152,0.17237556595996806,0.31242033931686236,-0.0002,0.0,0.02789043538794469
143,0.24564954236922887,0.052637605271873715,0.3631299165147982,0.22658928528326858,0.1501340563867562,0.30251451653513217,-0.0002,0.0,0.0264182833647561
144,0.2378558280408766,0.03450230994904788,0.3528826888571426,0.15730365656529033,0.18664247020370173,0.3101148996049264,-0.0002,0.0,0.025043602647941914
145,0.24181622678005152,0.0678442878366138,0.41227794375144067,0.15798145024217286,0.13256938252848446,0.28329829409353885,-0.0002,0.0,0.024264766916160727
146,0.2277230046384388,0.03163715340971249,0.3972217044570907,0.1603708895841522,0.07250376451778731,0.2935725588937854,-0.0002,0.0,0.022653328534897176
147,0.2223341519667657,0.0,0.40614266234109103,0.15708615522884276,0.06309482734200998,0.291381267215546,-0.0002,0.0,0.021829847283171243
148,0.2208043527856113,0.0,0.3877685190389658,0.10660346350277614,0.06220600789653011,0.34674727853424553,-0.0002,0.0,0.021002597028267962
149,0.24260123475641768,0.05941485188653813,0.4274230469353141,0.12777751152832287,0.041911604174130465,0.39002980218073335,-0.0002,0.0,0.021066810487702543
150,0.23929830306269648,0.057731025253309066,0.42535678164242186,0.11904069757314492,0.04467046114467933,0.37697335513309166,-0.0002,0.0,0.02112544029854688
151,0.24088162673207913,0.055217560172115876,0.392818808380604,0.10783078643092936,0.11308715524317399,0.37488553429423327,-0.0002,0.0,0.021437446133658992
152,0.23978925953447983,0.04805774322896299,0.4087900367537556,0.12907444108203323,0.0796740894680118,0.36867077081013594,-0.0002,0.0,0.02173455034624542
153,0.24927059906393817,0.07560601845700594,0.41688516562591876,0.13273306238708638,0.1262946195262738,0.3483375880209466,-0.0002,0.0,0.0222070216629727
154,0.24229744403801967,0.07808839531023494,0.40128340566826665,0.1774423092593736,0.06773880754797784,0.3282333371564338,-0.0002,0.0,0.02252623826131191
155,0.24395499596168976,0.062213686329397416,0.42118959436341435,0.19563057354265942,0.10959463535513979,0.28101235188631407,-0.0002,0.0,0.022871512051605092
156,0.24161227633120688,0.0847279366003118,0.4123911984347652,0.17566181642491416,0.12578169135631542,0.25340816440424463,-0.0002,0.0,0.023084862223808844
157,0.22339729337816638,0.02242053774088213,0.4012846437670861,0.13072869087565706,0.10631421672419507,0.26455480731677766,-0.0002,0.0,0.022732074798871713
158,0.22245295547102067,0.03178053010930687,0.4488916272364431,0.12473904846735245,0.06031426900775941,0.24187190161770733,-0.0002,0.0,0.0222825449242955
159,0.2042541148338739,0.004199003370518716,0.41235687248269565,0.1378000643178157,0.040957298868802214,0.1825507171170971,-0.0002,0.0,0.021567155239002968
160,0.21093843025510683,0.02510668746409511,0.4090140754214944,0.14850518266839186,0.0441289452098017,0.20150035914154835,-0.0002,0.0,0.02079785960628112
161,0.22129897709265117,0.02624724987456118,0.4461001499258408,0.16125466636770863,0.0558909739114538,0.21379636667202503,-0.0002,0.0,0.020091593973791438
162,0.21093071613864833,0.0,0.4411610773717292,0.1534751716812237,0.062117375546268325,0.1730355417431363,-0.0002,0.0,0.019506573998697263
163,0.20697248094973017,0.049023443306787325,0.44429273729642504,0.11713564546170349,0.010850766638903192,0.16459692293151623,-0.0002,0.0,0.019279728066897754
164,0.20469648012866717,0.04633318091899335,0.4227439747171933,0.11989906029942118,0.0,0.1811466704827052,-0.0002,0.0,0.01897574081182618
165,0.21001927088692843,0.02459692636732684,0.42158896796404555,0.14926423550028534,0.07715006648730878,0.150917374703787,-0.0002,0.0,0.018420250452863822
166,0.2012074482955942,0.010661693264713864,0.3963938970300475,0.17279408515336359,0.042707087315781884,0.1363866633359944,-0.0002,0.0,0.018396304565829268
167,0.18439785268653458,0.009773654767588555,0.3670335408456552,0.14407433388408813,0.028438400672125937,0.07337345612587359,-0.0002,0.0,0.018886601827519004
168,0.1751185576357978,0.0,0.35464251821186,0.1485212529743481,0.022865601093518133,0.02015439528069176,-0.0002,0.0,0.019870025971553268
169,0.1773359639844852,0.0,0.37859564742704527,0.16519721833408776,0.0205031652476831,0.0,-0.0002,0.0,0.020729415577373747
170,0.17677050990783774,0.018936491128566175,0.36122777799074685,0.1301197662598672,0.0,0.04345035875322458,-0.0002,0.0,0.021390310025639535
171,0.18146346456079465,0.02554189227461697,0.396005189582178,0.11573967686058617,0.02814448017555429,0.02540523744468228,-0.0002,0.0,0.02140309974726224
172,0.19135700215755572,0.020819071203632057,0.47059569738084883,0.1387541358295747,0.013109368915723516,0.022860666273880687,-0.0002,0.0,0.021294246310633667
173,0.19351148245195482,0.030605773830201393,0.506909425066326,0.12408014307947018,0.0,0.014471411880091465,-0.0002,0.0,0.021296644078555818
174,0.20274594142974006,0.03106733754511409,0.5101955641283832,0.16358084716495006,0.009500612349177845,0.038858921029171004,-0.0002,0.0,0.021272353333624268
175,0.2132336631300697,0.0,0.5362326087811196,0.22646744211463857,0.03268789105668318,0.04646559262739253,-0.0002,0.0,0.021257416931478732
176,0.2200024308524434,0.004619645652232294,0.5898468759518997,0.1986519976129127,0.029354820318061685,0.06027182041553893,-0.0002,0.0,0.021257200617772507
177,0.2220046605996448,0.026939678886628262,0.5767270387806481,0.20787163945472975,0.021017175877528015,0.06388595439957732,-0.0002,0.0,0.0212570158198352
178,0.2154484335509296,0.02297693267541139,0.5424792284449816,0.20723823190402635,0.04733172153938309,0.0348754056533271,-0.0002,0.0,0.021235170172756463
179,0.20984905838019052,0.015744180212166354,0.5624226303786961,0.17514227870161114,0.05281087166462784,0.0030715110847240046,-0.0002,0.0,0.021283208031017718
180,0.2354089959863021,0.049783095237179595,0.631807271835092,0.23580993722898405,0.04623545133143371,0.025277484946942798,-0.0002,0.0,0.021365247297199602
181,0.2419824059870987,0.053413027092184276,0.6348704487171706,0.28224264905711893,0.006660064045909089,0.05693632287092624,-0.0002,0.0,0.021544329742565815
182,0.24973506104645082,0.051943747237512244,0.6771266673352948,0.28785965012410225,0.0,0.06525053417346774,-0.0002,0.0,0.02191054759295075
183,0.24594921113472792,0.07402276008840275,0.6781995775586306,0.3025007984208002,0.0,0.0012340171481155515,-0.0002,0.0,0.02199161532645213
184,0.25950763183533543,0.10102346760160301,0.6991743696441592,0.3069461499592302,0.0020523168663097017,0.032322890228757666,-0.0002,0.0,0.022609107207614266
185,0.2528416548461616,0.0873102658373062,0.6779783476834037,0.30128965387435064,0.03772523252285565,0.0,-0.0002,0.0,0.02301664155042203
186,0.25626455130605164,0.12306516561572645,0.6588007620572383,0.26826734888263,0.07552708760712522,0.0,-0.0002,0.0,0.023492437198659125
187,0.2566581042696726,0.08405813468417875,0.6480387702855452,0.29619892180924107,0.11128931338577841,0.0,-0.0002,0.0,0.023933952360622186
188,0.26113533756251434,0.096247757457097,0.6694613092573781,0.2768601269977504,0.1219403956407717,0.0,-0.0002,0.0,0.024378131600349
189,0.2563285092706103,0.0801670251429042,0.6546968711960104,0.2788711614537667,0.12283600024953069,0.0,-0.0002,0.0,0.02472830104813405
190,0.27004832932739287,0.06738867189089941,0.6880969883462205,0.28528597550907625,0.14938883124717917,0.03605466695812261,-0.0002,0.0,0.025406571155600494
191,0.28356405067712476,0.08505393968008587,0.7562235777476934,0.2605268545561594,0.17364111903964793,0.026510347767189857,-0.0002,0.0,0.0262016607103662
192,0.2931483059462561,0.14072743758122422,0.8072367813894662,0.20190051909595721,0.14457513176429151,0.04643973509102011,-0.0002,0.0,0.02747552782357191
193,0.3066458289693054,0.1644234538777585,0.8293337078742445,0.19977455925075693,0.15822875650119583,0.06603037816460981,-0.0002,0.0,0.02956955629079375
194,0.29928016331300505,0.1620873157916388,0.8601527669250933,0.13198964177748557,0.1772425620882956,0.035008799796038034,-0.0002,0.0,0.03118619222454286
195,0.29640940769388074,0.19084765003072046,0.8532922341783573,0.10532602364496484,0.18845962679062292,0.007668794860665035,-0.0002,0.0,0.032534659045596104
196,0.2900309362241784,0.16346461310405863,0.8062734034997645,0.10452479100102144,0.20336433244134797,0.03835957444460231,-0.0002,0.0,0.03357926888010416
197,0.29751502783187245,0.1592127772503883,0.8377090597531939,0.10506362025506549,0.20056567801196132,0.055566462880335996,-0.0002,0.0,0.0347835436326182
198,0.30006682894211667,0.190964560534161,0.8274660261194361,0.09775077159638673,0.19574073587096613,0.05804953669009116,-0.0002,0.0,0.03596315825798303
199,0.29690322746805803,0.16395231424600648,0.8583062079214248,0.08573848264303674,0.20961403957430205,0.033285359523373415,-0.0002,0.0,0.03698934108128542
200,0.3102855130295555,0.1747164328302733,0.8700539983939348,0.07311804043911671,0.2702407225642163,0.04441655836063054,-0.0002,0.0,0.038432391847375784
201,0.32330462622268125,0.22802430051959482,0.8988281661108786,0.05324979622743471,0.2587751180944794,0.057499620381347455,-0.0002,0.0,0.04028425509967155
202,0.3129471293031394,0.22985947647475735,0.9003120003636466,0.0446636475961982,0.20452082742224953,0.05073664107872671,-0.0002,0.0,0.04159888113457325
203,0.2949318671162588,0.16331583255707455,0.9114665874271947,0.022881913973367023,0.18305832563708524,0.044157527209827345,-0.0002,0.0,0.042278679649681454
204,0.2734816372413697,0.17149600294595047,0.868506402095116,0.0,0.15107634949209084,0.0,-0.0002,0.0,0.04251307031461209
205,0.27959512568065076,0.14249051464927154,0.916232893010805,0.0,0.17061850473909634,0.0,-0.0002,0.0,0.04283404699422946
206,0.2905824515651792,0.15146411922644634,0.9066408786444246,0.0,0.18768183257012258,0.05268720375948537,-0.0002,0.0,0.04335140358445185
207,0.29370998241342,0.15730530972144455,0.9103716471863074,0.0,0.20518202223009258,0.04530503384312725,-0.0002,0.0,0.04379831762042611
208,0.2954695984297483,0.18226552100869745,0.9090604536717581,0.05222567111429553,0.1456945271359686,0.036407053038475023,-0.0002,0.0,0.04422309507762002
209,0.2876248551833436,0.20870997017273524,0.8985396877592086,0.02846047904413171,0.13771810896378112,0.0,-0.0002,0.0,0.04414453848385771
210,0.3018352090600158,0.21227858332342833,0.9717535429644053,0.06281142399093355,0.10444783576832303,0.0,-0.0002,0.0,0.04442371755098226
211,0.30241587150481114,0.20013674905275472,1.0,0.03816681371585792,0.08374089319989703,0.026542483005447138,-0.0002,0.0,0.044810156094593066
212,0.28960980620374266,0.22607632616700912,0.9887855601883165,0.00463391128467415,0.037248548502015824,0.0055727791981440115,-0.0002,0.0,0.0447107881535302
213,0.2902033528962997,0.15916045909886326,1.0,0.0,0.05168735842936997,0.06162252582618402,-0.0002,0.0,0.04447953286470411
214,0.29568396100789024,0.19435033031284918,0.9654659548615903,0.02607746959430081,0.0864230692548631,0.03923183028330125,-0.0002,0.0,0.04421946896621974
215,0.28609803938156936,0.16575142262068904,0.962175197941434,0.0,0.13054511773390967,0.0,-0.0002,0.0,0.04386646596897544
216,0.280767959936349,0.13254720014842722,0.954088243021159,0.0,0.1355288429281884,0.0081434570602451,-0.0002,0.0,0.04317097445294997
217,0.28438940996033646,0.12613883970966377,0.9881948325842572,0.0,0.13552390751067958,0.0,-0.0002,0.0,0.0418737850847893
218,0.28735160175005514,0.13011424276396835,0.9948176277226456,0.0,0.1162954376146148,0.023777601697555325,-0.0002,0.0,0.04006741636013601
219,0.30109667155350867,0.1405859308234979,0.9744101746245712,0.061196728780258274,0.18557076706946726,0.0,-0.0002,0.0,0.038348071547304935
220,0.3121968999481251,0.1496397796325082,1.0,0.08471368765580505,0.19220257135684365,0.0,-0.0002,0.0,0.03657638711380845
221,0.30883365318234485,0.1334039510562066,0.9936245589214079,0.06819180528356092,0.21454982211358467,0.0,-0.0002,0.0,0.03468112378765997
222,0.2953855573074018,0.12016940569590485,0.9575597383165355,0.06670410905215182,0.18772617191041457,0.0,-0.0002,0.0,0.03278881157720525
223,0.3074283762684831,0.15142387227755083,0.9685374849058693,0.08184586789571476,0.19840889890314867,0.001775271905744799,-0.0002,0.0,0.030954299537910245
224,0.31034701178138085,0.14760402535740194,0.9593032984288193,0.1046193781607069,0.1658817046245012,0.04199694949251113,-0.0002,0.0,0.029405324572612405
225,0.30180405743080874,0.14862636723794648,0.9368422867114982,0.08994499578950652,0.14557199258885783,0.04680314446335236,-0.0002,0.0,0.028002445346309683
226,0.2867823477991937,0.12709107590329724,0.9711062226750102,0.06649582601107923,0.07739633467643262,0.02487318968157551,-0.0002,0.0,0.026607004190691185
227,0.2792498649697318,0.06683544070430752,0.9699101571578306,0.09827056536221858,0.09682912868440281,0.0,-0.0002,0.0,0.025164458710212924
228,0.2871023236649352,0.043967782257267544,1.0,0.1078259076242486,0.09695268946342457,0.03168187683580673,-0.0002,0.0,0.023192568558784345
229,0.305927329808422,0.11755001602017229,1.0,0.11200836526736596,0.10759333474296927,0.05019427056875324,-0.0002,0.0,0.020721779289402744
230,0.29231204895043694,0.09916906112486858,0.9682384158184768,0.11358183777204738,0.07917699785907566,0.04835039799770118,-0.0002,0.0,0.019376492401490607
231,0.29345804697763916,0.10205275232463129,1.0,0.08805033793235037,0.07552332989994762,0.043421311310165196,-0.0002,0.0,0.018234095992483466
232,0.2828847750602847,0.11517206832589122,1.0,0.07333583288355071,0.05088276899679668,0.0,-0.0002,0.0,0.017371219956173866
233,0.2737625093991545,0.08738593342180583,1.0,0.07470524413824679,0.020419749149611918,0.0,-0.0002,0.0,0.016369578868835784
234,0.2703159739051299,0.08833012185551378,1.0,0.05690341355309102,0.012906547419875692,0.0,-0.0002,0.0,0.01602778485664117
235,0.2560771184550027,0.053788547788375475,1.0,0.0,0.00277247084085489,0.006575946880327658,-0.0002,0.0,0.015880057993522816
236,0.2497825438089253,0.04255807042856436,0.9757552742990381,0.0,0.0026235087957865045,0.004112424732370665,-0.0002,0.0,0.01618613506856182
237,0.2427654795455996,0.0,0.9713331654603762,0.0,0.0,0.010921667632614263,-0.0002,0.0,0.016875688409134778
238,0.25945328298262527,0.019221862514416994,0.9982364854876323,0.0,0.027720083301603516,0.046133493611334,-0.0002,0.0,0.016935521352744815
239,0.2687075473528816,0.05332100025079878,1.0,0.0,0.022496125849405645,0.07088501699316446,-0.0002,0.0,0.01652250013740313
240,0.2521702284526358,0.01232527079695779,1.0,0.0,0.011432454323563402,0.018639583556207102,-0.0002,0.0,0.017144632329923342
241,0.2573482740782532,0.0,0.9993851821162866,0.02665359522280826,0.041133252005804914,0.016229789306329758,-0.0002,0.0,0.01772508665206773
242,0.25657546676845616,0.0,0.9744648065057964,0.03872429013209243,0.03370591199057876,0.034406325480799874,-0.0002,0.0,0.01830030826994131
243,0.25115337659291637,0.052550604123778856,0.973493557787942,0.0,0.00788039869971334,0.0,-0.0002,0.0,0.01884444850548527
244,0.2524032400332713,0.0166373134413295,1.0,0.006799787203754486,0.0,0.019608964980903653,-0.0002,0.0,0.01939276435292757
245,0.25728755787908714,0.05444855966369597,0.9892037632769242,0.0,0.0,0.028147160288528796,-0.0002,0.0,0.019763501369095965
246,0.2790485786380508,0.0736476641713871,1.0,0.036374346177394976,0.03556211544680936,0.06900480324193098,-0.0002,0.0,0.019773690877203817
247,0.2734085876960068,0.0934892978653977,0.9540728018700404,0.032445419291986424,0.04497973082551089,0.05751101529169998,-0.0002,0.0,0.019764378421395824
248,0.2817806699932884,0.1208271235124568,0.9432663827044753,0.004673008393075124,0.08830870080868275,0.07749114458589011,-0.0002,0.0,0.019645821385945055
249,0.28210202807572166,0.12740473703846822,0.9710676554482705,0.036549035573136684,0.09853977513786362,0.0037613020190613022,-0.0002,0.0,0.019566170988548046
250,0.15842043867499467,0.10713705351843658,0.9573702815609212,0.007023008719742638,0.10450009815547308,0.03952736600460155,-0.0002,-0.12,0.026121021781994342
251,0.27078857082091007,0.09258988596222453,0.923325301470795,0.06786405304705762,0.09095696997254708,0.0025384182632040217,-0.0002,0.0,0.025438202512898613
252,0.2742250718255563,0.0997202034507783,0.936095778918481,0.04671255035663741,0.11467057721019507,0.0,-0.0002,0.0,0.025003419622494208
253,0.2724845300568674,0.07203167598906664,0.9414535049742268,0.06983561967038593,0.09565503247435408,0.009918766680426534,-0.0002,0.0,0.02491881371529272
254,0.2850320031235811,0.06922692680690615,1.0,0.048578829235493184,0.13718018049053946,0.008348378027259953,-0.0002,0.0,0.024921344391073037
255,0.29558804364447216,0.06542406669673745,1.0,0.07539854623170825,0.1751906497191412,0.018207930081314688,-0.0002,0.0,0.025030160911821867
256,0.30125656667417017,0.04741217500399969,0.9838706168744781,0.09068814195820873,0.19261764583737342,0.060149458302209524,-0.0002,0.0,0.025172383741281626
257,0.30674039081050586,0.05996508866656058,1.0,0.13619127300172745,0.1975616621733066,0.015582698754488956,-0.0002,0.0,0.02538757370845295
258,0.30177412522836894,0.02458677607154318,0.9568659139542847,0.18393898443215043,0.17213940432843836,0.05253794571685763,-0.0002,0.0,0.025481967221378667
259,0.31631401701903605,0.04215873341845942,1.0,0.2140317990167856,0.16906829649203634,0.04653703220505957,-0.0002,0.0,0.025974825203991067
260,0.3225559249125525,0.044713765016843814,1.0,0.1981094888830831,0.1680894475643767,0.09481663406513141,-0.0002,0.0,0.02648092187064225
261,0.31500914501409516,0.0,1.0,0.17090090470366046,0.1737005600485231,0.12001230732137744,-0.0002,0.0,0.02674719307348231
262,0.30965831604713484,0.0,1.0,0.12320572266213486,0.2069102334284873,0.10191843004193396,-0.0002,0.0,0.027023691336806495
263,0.2989734074048583,0.018672242093770955,1.0,0.04563885728842129,0.18422830978438065,0.10853368107999603,-0.0002,0.0,0.027108564408823723
264,0.30965177019440787,0.06529152454084472,1.0,0.053369733681543484,0.14184778709549906,0.15146808197570072,-0.0002,0.0,0.02732522983464106
265,0.3159278929565752,0.11950383439648819,1.0,0.04677702223494001,0.09327629562120927,0.17796771374439546,-0.0002,0.0,0.0277363891283871
266,0.3349642758636011,0.20057221416726084,1.0,0.08468812777953594,0.10953891443245425,0.1484172371473328,-0.0002,0.0,0.028700873934818013
267,0.3406382014132706,0.24067239309785673,0.9629627530159084,0.07836818060964468,0.11790446678253003,0.17490452697063252,-0.0002,0.0,0.029805524477982293
268,0.3357958211411223,0.25315196306078563,0.9745677880409107,0.05552353855678179,0.07922332436371635,0.17674894701852886,-0.0002,0.0,0.03066108429086639
269,0.30623112925117996,0.2318461197434987,0.9353342191988332,0.017545144411723564,0.06451947013852297,0.12117158121330865,-0.0002,0.0,0.03072157471601443
270,0.3024569138009152,0.19142205865816753,0.8862801113267557,0.023012928325173463,0.07675899702407551,0.18138581010879345,-0.0002,0.0,0.03058262563933038
271,0.2919485889428364,0.14649616468119603,0.8658922025594658,0.050391270004857575,0.07025578287440683,0.17157587194755947,-0.0002,0.0,0.03041589405754997
272,0.290054866388024,0.1977712557813826,0.8557400177738439,0.015705423924837376,0.030747584078398643,0.18164670161697744,-0.0002,0.0,0.030389742844940785
273,0.28716732575808845,0.20692850388356163,0.8145889466652586,0.0,0.046788963212867005,0.19896470479273165,-0.0002,0.0,0.03022408561501211
274,0.28118843837735263,0.18763184137544195,0.8332554327208181,0.017155637618716826,0.0,0.18960279227927035,-0.0002,0.0,0.030004626986582
275,0.2814975763436464,0.2000856091090756,0.8160631616558985,0.0,0.0,0.2121655870775127,-0.0002,0.0,0.0299010849311548
276,0.2944812582524069,0.2474977766834696,0.7503396818182788,0.07839964036692809,0.0,0.24087471320154666,-0.0002,0.0,0.029935697245538895
277,0.31069211860589646,0.2845237187995013,0.7798302008222928,0.08288819475373936,0.0,0.2596714768411288,-0.0002,0.0,0.030160747366622293
278,0.3181423652234717,0.26306672349623594,0.7041493525191742,0.16775515376522754,0.02124306065882008,0.31421379069572497,-0.0002,0.0,0.03052743977800615
279,0.3362143425603597,0.23571803927140267,0.7481744372215312,0.21545122850969742,0.06787954639385531,0.3135776006993604,-0.0002,0.0,0.031235982166683312
280,0.3102797919775604,0.1996441779591247,0.7428550530156222,0.1493681550966993,0.016819174711749256,0.3163357641338685,-0.0002,0.0,0.03141324541397844
281,0.3189025556055965,0.16990222398607926,0.7379216473519796,0.14609816255465852,0.07474098616730127,0.3552645612263968,-0.0002,0.0,0.031735475634050554
282,0.325117135528439,0.1685560464611945,0.7741886333770599,0.12270676821394824,0.06463407544445517,0.38257129052991873,-0.0002,0.0,0.032186815616535316
283,0.31922844868929784,0.13130622913406464,0.7658192115280531,0.08308139241130691,0.06815824767929428,0.4315467631976017,-0.0002,0.0,0.03242676374663441
284,0.3004583969992301,0.10874332246103548,0.7725955964054679,0.05616173536221195,0.03367177938208262,0.39447127758734934,-0.0002,0.0,0.032360111393819155
285,0.3246630978270344,0.15238588490332358,0.8434686605239957,0.07065304652137921,0.01218299030796249,0.41561802661764496,-0.0002,0.0,0.03238111636512774
286,0.3333262548524054,0.14235617911303258,0.867510610950117,0.07938285566736239,0.020574114833615164,0.43383630839890347,-0.0002,0.0,0.032388948534354596
287,0.310015423321563,0.12497137000371787,0.8553795762567311,0.027745487965743776,0.007318031590011393,0.39116632769695836,-0.0002,0.0,0.031681063045758164
288,0.2991657930552076,0.12063093403251962,0.8266506477751434,0.03078252057538302,0.020915210782483592,0.34856265056501207,-0.0002,0.0,0.031303433570413396
289,0.30486887551186603,0.09623256120514068,0.7983512907200819,0.05317732332773628,0.07210607160408833,0.374108749026104,-0.0002,0.0,0.031115357642329294
290,0.307713639914972,0.0857499933741669,0.8423014824091658,0.007754091234498162,0.11708681316793108,0.3544223228370495,-0.0002,0.0,0.030537415011440958
291,0.3103697388295872,0.0023411969195253762,0.9218256245817085,0.055094783464205,0.08613030135432787,0.3594925822648443,-0.0002,0.0,0.030077357097105822
292,0.3029490634188113,0.0,0.9248922486805564,0.010596190337968006,0.06568548187432405,0.37353142074727286,-0.0002,0.0,0.02950630182895477
293,0.31855058219460325,0.006680885098667246,0.9608694039807553,0.01298869806078082,0.13616213245126402,0.35205947403221344,-0.0002,0.0,0.028845143332324803
294,0.3084268065820121,0.014460856857273554,0.9033798671027513,0.0,0.1760179112792051,0.32377539100785374,-0.0002,0.0,0.028053611728181722
295,0.30683203698092415,0.03038111207731651,0.9015267413822093,0.0,0.16557043305359032,0.30834838196845216,-0.0002,0.0,0.0273563112385787
296,0.30404694646140784,0.015760136023578383,0.9241349877100327,0.019570336632497406,0.14824766215477864,0.2811352978532755,-0.0002,0.0,0.027162347249607522
297,0.3266325023796006,0.024230256059127826,0.9211345253575147,0.05041881050599081,0.2279064692731804,0.3064230308860192,-0.0002,0.0,0.027055233531760432
298,0.3119309007539029,0.023188347927201636,0.915973206231143,0.024717986892065846,0.20070628574170285,0.27632056557098694,-0.0002,0.0,0.026903070878647337
299,0.3078648493300907,0.011328292785040269,0.9031589028583178,0.04702990808892066,0.18873631529168922,0.2703970740779046,-0.0002,0.0,0.026724571993400163
300,0.33005804281083156,0.0,0.952496171734228,0.062239500376517334,0.2424025103684066,0.29430364783898527,-0.0002,0.0,0.01676619522964064
301,0.34738149021442016,0.044689078557398725,0.945041545970879,0.08375432461522442,0.32356770145369024,0.2575976139908108,-0.0002,0.0,0.016816652447900815
302,0.3779350121118623,0.07997714720932536,0.995979872523237,0.096388151946507,0.3465240745251966,0.29598664802220237,-0.0002,0.0,0.01869231859076359
303,0.3631394439310633,0.05986829223036132,1.0,0.06974800387794441,0.3257866632855539,0.27703976565385485,-0.0002,0.0,0.01923113109424786
304,0.3685795532711149,0.055480244049595534,1.0,0.08363899888850243,0.2822594025910932,0.33784302830907115,-0.0002,0.0,0.020332174260546836
305,0.37672228338912356,0.09098611275228338,1.0,0.07264308714030121,0.2795202025890663,0.3546780209280688,-0.0002,0.0,0.021936448540575214
306,0.3770035807208253,0.10362931234414191,0.9483681268576952,0.0954214650684031,0.3691676302411655,0.2978793224235059,-0.0002,0.0,0.023427824280608144
307,0.38542766542477014,0.13421964099316466,0.959723186109974,0.0919890084770569,0.41137810244183487,0.26147143303109954,-0.0002,0.0,0.025229317760157903
308,0.39233236668806043,0.13923249077652006,1.0,0.08592605213208054,0.39850021145103776,0.26501074970303795,-0.0002,0.0,0.0271058050916206
309,0.38196408660719944,0.12552983033637521,1.0,0.057970618921945834,0.42540814956095496,0.22641023571604496,-0.0002,0.0,0.028413420721439406
310,0.36955658907824473,0.1461570024180307,0.996766015912739,0.0,0.425223854960343,0.1935067234778174,-0.0002,0.0,0.02917571101395977
311,0.3702058623554111,0.13245355704021902,1.0,0.0,0.3925253421885453,0.2379332091839714,-0.0002,0.0,0.029878166227582503
312,0.3676681169673277,0.1360294646542649,1.0,0.009978221223476715,0.365313402040353,0.2358881880283121,-0.0002,0.0,0.03040200908270236
313,0.3750698147793386,0.1739533175676818,1.0,0.010005567185750925,0.366817712161726,0.23241717482485674,-0.0002,0.0,0.0309263763516317
314,0.3628610154595268,0.15611330243029153,1.0,0.010227362290697314,0.3319304385979549,0.21770464836633807,-0.0002,0.0,0.03121629361494864
315,0.36341982186539373,0.17851789825321876,1.0,0.005997391250501141,0.3113127298989111,0.21844211199453137,-0.0002,0.0,0.03154694778074722
316,0.34864993521461557,0.1268972717516284,0.9598467035487573,0.030639379074687133,0.2965296660545405,0.23000663001131283,-0.0002,0.0,0.03165501757937105
317,0.3751804084330445,0.16447504774375488,0.9798840783237526,0.03127506867423055,0.36216912199046186,0.2506015939036927,-0.0002,0.0,0.03226920717686098
318,0.37516418563404247,0.1535412374254954,1.0,0.04385546349113362,0.3357695428220222,0.25285205002601713,-0.0002,0.0,0.03287792025133012
319,0.3568824231859795,0.14845251141375437,0.9393534296888968,0.03853791977301619,0.3270378824363249,0.2393328699752798,-0.0002,0.0,0.03287337748569442
320,0.33853065237632884,0.09771960746800536,0.9284139291413646,0.037313857051280354,0.330181748657583,0.2043120819615606,-0.0002,0.0,0.03260184286913903
321,0.33654075661809774,0.11722640724073319,0.8909237883874673,0.0304126205984458,0.37043151027128474,0.18295936290129222,-0.0002,0.0,0.03206338992499158
322,0.337793921276682,0.10147635690166956,0.9240243807075946,0.018571215753921344,0.3612738187169193,0.18978012345158368,-0.0002,0.0,0.03143821569920911
323,0.31713765196821553,0.1338289300965096,0.8560856033789006,0.0,0.33022641549250026,0.15634771901908007,-0.0002,0.0,0.03079102638950704
324,0.30514750086802794,0.10749542583616828,0.8302391541117436,0.009276481536007027,0.30286258462835,0.1601152473579234,-0.0002,0.0,0.030109427114419576
325,0.31330128133132323,0.11983804308232522,0.8077975586912873,0.013292766798408882,0.35318815809173243,0.17001686628428664,-0.0002,0.0,0.029261679480498567
326,0.3129999100944637,0.10024866036652791,0.805801940358913,0.0,0.3615022446125746,0.1964903404677069,-0.0002,0.0,0.028833165427459465
327,0.3109435196785056,0.07511033152395995,0.7993836253005033,0.034118884231611434,0.3462476733367941,0.20225341555801424,-0.0002,0.0,0.028828530446815895
328,0.3058602512011772,0.04372640752231661,0.7742800519832143,0.018414988544687236,0.41153727403322293,0.18998191131791856,-0.0002,0.0,0.029042856237249687
329,0.30295399713166116,0.027827646940227928,0.7573842461289001,0.013446917922939049,0.43121517758381067,0.19566662442802446,-0.0002,0.0,0.02943065757585652
330,0.32706567221569627,0.08956208718123979,0.7637980795308874,0.05686904240363613,0.43951651106455647,0.2138340693814479,-0.0002,0.0,0.02922683367095565
331,0.3054681803839757,0.046254088989840375,0.7599862960867121,0.054800610184772176,0.43222780085763235,0.1492477105657219,-0.0002,0.0,0.029450843038610196
332,0.30389562214252985,0.07267282284602007,0.7483717861962467,0.04165847051738271,0.4245726570264276,0.14240533489948878,-0.0002,0.0,0.029762475113027896
333,0.296926959302905,0.0848857754696826,0.7102408186492888,0.013727208809872805,0.43329165590340957,0.14677281923909968,-0.0002,0.0,0.030177017566175995
334,0.29527944855845795,0.07358613120242062,0.6930234464800593,0.0,0.4315410009865395,0.18219479343484302,-0.0002,0.0,0.030307135712825062
335,0.3035729291456308,0.04184460866104907,0.7387229878795641,0.02531944396141285,0.41795208886724133,0.20568703969873559,-0.0002,0.0,0.03059996740374743
336,0.27932427626203055,0.0,0.6867757395247269,0.0,0.40565969490781556,0.19592474063024515,-0.0002,0.0,0.03158397881101109
337,0.2751668168860783,0.0,0.6897584202416696,0.0,0.42052017709836187,0.1533457232634752,-0.0002,0.0,0.032485477605448475
338,0.26245388128023767,0.0,0.6773729062528796,0.0,0.3793901870392342,0.12316327330704599,-0.0002,0.0,0.033656119404826254
339,0.2599986863169768,0.0,0.6950723716246627,0.0169270553311184,0.34955545589111947,0.09941595886068734,-0.0002,0.0,0.03496999605443944
340,0.2628577847992804,0.0,0.708566740987557,0.0,0.38670563370858635,0.08487181260199744,-0.0002,0.0,0.036141027350150116
341,0.2754377828386284,0.0,0.7187503548647839,0.030978571653190574,0.39698313141513414,0.11645414632155582,-0.0002,0.0,0.03686494760509466
342,0.2948656599316157,0.004030764499612987,0.7556395130360158,0.06833337281175145,0.3939987677351722,0.1596303229593644,-0.0002,0.0,0.03700177663398729
343,0.29469168726660405,0.008972775539017926,0.7582463096450767,0.040689162698329645,0.38533536756155634,0.1829578053346719,-0.0002,0.0,0.03729799647161259
344,0.28845616868611756,0.0,0.7777350299248349,0.05114764123641358,0.39366221004905994,0.11676303947195288,-0.0002,0.0,0.03762808802046189
345,0.2773978397437974,0.0,0.7971828301555636,0.028258992528868137,0.3963714110219934,0.045420841399906306,-0.0002,0.0,0.03820121310079759
346,0.27657000043530583,0.02014179108865405,0.7773098458652913,0.05439970095586991,0.34108782274402666,0.06618886304967563,-0.0002,0.0,0.038746485926186465
347,0.28373815678784803,0.013033612459084552,0.8015379597953601,0.026628407342506915,0.3225341120017301,0.1334624033943519,-0.0002,0.0,0.03923661350860589
348,0.2777588090489375,0.0,0.7803571435731237,0.018330946227554427,0.2918573502271191,0.16917610698486069,-0.0002,0.0,0.039790817806230463
349,0.29112872535322265,0.05175039942612757,0.7592339615756236,0.0,0.32701666931684176,0.2024278223386125,-0.0002,0.0,0.04001542006100161
350,0.2943111817267183,0.07640017519148518,0.7939293046180911,0.0,0.32196177705668355,0.16090453420839607,-0.0002,0.0,0.04025222124195896
351,0.30258025843078284,0.03385529030391079,0.823362343836177,0.0,0.39034892487728534,0.16312993750787322,-0.0002,0.0,0.040239169636321265
352,0.30774587300328826,0.014642545846899363,0.8472988999473677,0.05403787072798118,0.4049328536600398,0.12661558238406373,-0.0002,0.0,0.0395358746193794
353,0.31701509671490335,0.025772629903451243,0.8885668417793696,0.039240642257192336,0.38172359493770147,0.15710901972495078,-0.0002,0.0,0.039105349415754255
354,0.30781279314168447,0.029971662118510677,0.8554905786988873,0.027848244209746083,0.3590537202087228,0.16599707967106342,-0.0002,0.0,0.03855694075284318
355,0.3130788828407002,0.033262197523316835,0.8900039899906942,0.04913819546918345,0.3121477003878416,0.1782067956147217,-0.0002,0.0,0.037701233909298325
356,0.31810728168167046,0.06017016711351898,0.9036803680016807,0.0800399852475679,0.2956603906077389,0.14968184079614613,-0.0002,0.0,0.03676503555087268
357,0.3083266950094151,0.08807226787079389,0.8717164278571095,0.015253859264236808,0.32641938894744943,0.1279562930260849,-0.0002,0.0,0.035471939825766255
358,0.28954482784281577,0.07889028184050388,0.8297770474101971,0.0,0.29172172368818117,0.11713679747413058,-0.0002,0.0,0.03392782254806079
359,0.2722170966627545,0.0899902541251818,0.7608427109374749,0.02256519523854067,0.25626177880452317,0.08514744473550873,-0.0002,0.0,0.03300290098098958
360,0.2759725418949376,0.11032591576743161,0.7586036929620431,0.0,0.3115995594215544,0.05932879658728524,-0.0002,0.0,0.032328942956569046
361,0.2874377660926284,0.11774539432585622,0.7646004034202788,0.04233981485589583,0.2979294943581777,0.08957148711876306,-0.0002,0.0,0.03130171987378425
362,0.29388058187369154,0.09548870865631243,0.7982642691753453,0.01945027596844067,0.2870632213997429,0.14645048355573398,-0.0002,0.0,0.030181637912934496
363,0.3039241376980926,0.10499785029986258,0.8015570383564261,0.08671175421880231,0.29790392162074736,0.12196636432387582,-0.0002,0.0,0.02854806694998183
364,0.3092124072819383,0.12703669024869796,0.7661066108461831,0.12056125038111984,0.3340832544153524,0.104777588967639,-0.0002,0.0,0.027340299806870232
365,0.30514715618087357,0.10819963477018249,0.7714017387167105,0.12098590493448877,0.3047526259093621,0.12182022495720345,-0.0002,0.0,0.025993881878184976
366,0.28997172652898495,0.0469433638822682,0.7584159549689983,0.10886767598878046,0.29655465936368774,0.13103694211847508,-0.0002,0.0,0.025227583778578623
367,0.27624333906456755,0.010102691089694214,0.7760714074660727,0.10346305552912993,0.27704817600927895,0.09003215808360678,-0.0002,0.0,0.02319560952985758
368,0.2775809501049736,0.0,0.7868811506269503,0.0745475822428664,0.2789741369448374,0.12189164672635051,-0.0002,0.0,0.02074919544128898
369,0.29041770055382476,0.03097927846038734,0.8336930594498351,0.06565878253733204,0.24641966479027352,0.1525074120379855,-0.0002,0.0,0.018980001972291664
370,0.30808229445618834,0.04026739397552443,0.8674115789521577,0.06599046466895249,0.2822890455241526,0.1778990346396135,-0.0002,0.0,0.018090409452036636
371,0.31911753794698794,0.06176002107805312,0.8825172652860541,0.07792143504482585,0.2892801197345926,0.18467622182548504,-0.0002,0.0,0.017459544179729013
372,0.3348482602046119,0.09146585894484423,0.8671578750687258,0.12999198912764015,0.2860928433738164,0.21423768767815005,-0.0002,0.0,0.01732046570027307
373,0.33432869290126527,0.08875862331117894,0.859757895205817,0.19095923369956355,0.2768124998177751,0.17592118479788074,-0.0002,0.0,0.017908075743793186
374,0.344696636795223,0.06733615854055687,0.850241056600571,0.2556149892810968,0.28301517778396457,0.20396258679185963,-0.0002,0.0,0.019133665030609988
375,0.34913284348664214,0.037288159834154365,0.8608193052934054,0.2757593397329907,0.33706398644789515,0.18307447334214028,-0.0002,0.0,0.0203796908101852
376,0.348021635792078,0.05539284371496968,0.8698968225470053,0.2451078984170314,0.3364802993803097,0.17517022605604857,-0.0002,0.0,0.021480951225050466
377,0.333890142415913,0.0,0.8878568962784722,0.2613152010093373,0.32331225556042914,0.13501336771760764,-0.0002,0.0,0.02198891669922573
378,0.3532907251978964,0.04439642601397865,0.8958368749002861,0.29181623982968596,0.3656219094614896,0.11938616418791699,-0.0002,0.0,0.023273382895185477
379,0.35600183342793207,0.06876106199320163,0.8886024044901827,0.28993978058468955,0.363053440962329,0.11934659621426588,-0.0002,0.0,0.024582247353784763
380,0.36327516815509997,0.10217986798208181,0.892317230421041,0.2853277981429467,0.35475732401683063,0.1295860206904219,-0.0002,0.0,0.02586338807987743
381,0.3510835103719783,0.07533382608284447,0.8772374775045421,0.28375938070972906,0.3377818746505796,0.12603173610231566,-0.0002,0.0,0.026783428364706475
382,0.36810800914705183,0.05701052019527431,0.9373562108754112,0.32363120292916436,0.35128043954251287,0.12442318055814977,-0.0002,0.0,0.028335619805491583
383,0.38652350283902837,0.12273344507925066,0.9470447981176198,0.32102583769309856,0.3603742308470666,0.1336014767505073,-0.0002,0.0,0.03062008748952635
384,0.4055836763700302,0.16504297627376252,0.9464758573431019,0.3840055824148161,0.3339135930470151,0.1544229832580726,-0.0002,0.0,0.03366894657795131
385,0.41391358810287093,0.13498817297432833,1.0,0.37408861924802084,0.3321679148926427,0.18215009044714825,-0.0002,0.0,0.036839749066531376
386,0.406527537325778,0.17264839349517494,0.9666436949023511,0.363703849498775,0.2903202167086496,0.18626924498841388,-0.0002,0.0,0.038992901506449816
387,0.39382323494320876,0.16960721744093502,0.9561756742195642,0.3431700093317567,0.27874302279321367,0.1638773848265004,-0.0002,0.0,0.04024941964993056
388,0.39341390133778115,0.18547607270171867,1.0,0.2852482860746861,0.2752639973110705,0.15133223160367731,-0.0002,0.0,0.041006043516445996
389,0.3884068593531934,0.20024713035675756,0.9714469894796885,0.2808552111539029,0.2440762318367154,0.17223316690786106,-0.0002,0.0,0.04133555640576017
390,0.37982696744075656,0.20322536925550633,0.9666027525127826,0.2919608490242133,0.2366817326977871,0.1256185374185562,-0.0002,0.0,0.041327625092870426
391,0.396578565191931,0.22109728155350436,0.9752508576265067,0.2873384609778671,0.2662294806167938,0.16217340391231277,-0.0002,0.0,0.04204801473676078
392,0.3958345491400277,0.18832880252985873,0.9518185754669507,0.3337570138509026,0.30879503661453317,0.14002161005472985,-0.0002,0.0,0.04298189471845634
393,0.37399888142543347,0.15290750096275918,0.9326915488548714,0.3188135216463742,0.26127306165793157,0.14095662763720762,-0.0002,0.0,0.043224489595748664
394,0.35949676723999563,0.11450213367051362,0.8963798593536256,0.3462967143143573,0.24077738339350874,0.13881249217377417,-0.0002,0.0,0.04304259213137763
395,0.3622514992107368,0.13337502434078458,0.9207765815163623,0.3361861104505745,0.24210090775314677,0.11405031249193157,-0.0002,0.0,0.04259276017384019
396,0.375446711456646,0.18579641523455517,0.9402750760492568,0.30308891705279356,0.24222264681883704,0.13545686311271526,-0.0002,0.0,0.04227051733631016
397,0.39362358813493825,0.20017874423161727,0.9951501795904687,0.344258490448296,0.22604345308404136,0.1327814480988474,-0.0002,0.0,0.042472106890278125
398,0.4018733019406841,0.16173250244233167,1.0,0.34878912223468606,0.30714793896261255,0.1357087012251358,-0.0002,0.0,0.04262712425914533
399,0.37373906022663994,0.09893493102279899,0.9798374053988632,0.35215959858043827,0.26946748018482847,0.10969247070358878,-0.0002,0.0,0.042355521420415196
